{"initial_reset_timestamp": 1629293683.9712446, "timestamps": [1629293684.8920093], "episode_lengths": [18], "episode_rewards": [18.0], "episode_types": ["t"]}